Time_s,Velocity_kmh
0,320
0.01,319.847185887429
0.02,319.695693338746
0.03,319.544560595363
0.04,319.393610500889
0.05,319.242810285413
0.06,319.092153751705
0.07,318.94163959432
0.08,318.791267408864
0.09,318.641036957215
0.1,318.490948032194
0.11,318.341000432637
0.12,318.191193958792
0.13,318.041528411476
0.14,317.892003591916
0.15,317.742619301716
0.16,317.593375342859
0.17,317.444271517695
0.18,317.295307628948
0.19,317.146483479713
0.2,316.997798873451
0.21,316.849253613993
0.22,316.700847505539
0.23,316.552580352654
0.24,316.404451960269
0.25,316.25646213368
0.26,316.108610678546
0.27,315.960897400893
0.28,315.813322107105
0.29,315.66588460393
0.3,315.518584698475
0.31,315.37142219821
0.32,315.224396910961
0.33,315.077508644912
0.34,314.930757208608
0.35,314.784142410946
0.36,314.637664061182
0.37,314.491321968924
0.38,314.345115944138
0.39,314.19904579714
0.4,314.053111338599
0.41,313.907312379535
0.42,313.761648731322
0.43,313.61612020568
0.44,313.47072661468
0.45,313.325467770741
0.46,313.18034348663
0.47,313.035353575461
0.48,312.890497850692
0.49,312.745776126128
0.5,312.601188215918
0.51,312.456733934553
0.52,312.31241309687
0.53,312.168225518045
0.54,312.024171013596
0.55,311.880249399381
0.56,311.736460491599
0.57,311.592804106786
0.58,311.449280061818
0.59,311.305888173906
0.6,311.162628260599
0.61,311.019500139781
0.62,310.876503629672
0.63,310.733638548825
0.64,310.590904716127
0.65,310.448301950796
0.66,310.305830072385
0.67,310.163488900775
0.68,310.021278256179
0.69,309.87919795914
0.7,309.737247830528
0.71,309.595427691543
0.72,309.45373736371
0.73,309.312176668884
0.74,309.170745429243
0.75,309.02944346729
0.76,308.888270605855
0.77,308.747226668088
0.78,308.606311477465
0.79,308.465524857783
0.8,308.324866633159
0.81,308.184336628033
0.82,308.043934667163
0.83,307.903660575628
0.84,307.763514178824
0.85,307.623495302464
0.86,307.483603772581
0.87,307.343839415522
0.88,307.204202057951
0.89,307.064691526844
0.9,306.925307649494
0.91,306.786050253508
0.92,306.646919166802
0.93,306.507914217608
0.94,306.369035234467
0.95,306.230282046232
0.96,306.091654482064
0.97,305.953152371436
0.98,305.814775544126
0.99,305.676523830223
1,305.538397060121
1.01,305.25121881752
1.02,304.653046807279
1.03,304.1216097764
1.04,303.54046998414
1.05,302.997808161126
1.06,302.426870797786
1.07,301.878435067975
1.08,301.313641324588
1.09,300.762306660098
1.1,300.201495357254
1.11,299.648860312763
1.12,299.090799663776
1.13,298.537790852169
1.14,297.981757280417
1.15,297.428919733676
1.16,296.874482836193
1.17,296.322138067986
1.18,295.769040043439
1.19,295.217377159453
1.2,294.665462584666
1.21,294.114591959509
1.22,293.563766298088
1.23,293.013751447379
1.24,292.463956403859
1.25,291.914832958632
1.26,291.366031811358
1.27,290.817818821573
1.28,290.269987689679
1.29,289.722694357256
1.3,289.175817001458
1.31,288.629446688991
1.32,288.083511417594
1.33,287.53806403341
1.34,286.993061862335
1.35,286.448535278295
1.36,285.904458837783
1.37,285.360849731213
1.38,284.81769261685
1.39,284.274996969886
1.4,283.732753357818
1.41,283.190966753135
1.42,282.649631172212
1.43,282.108748967864
1.44,281.568316164896
1.45,281.028333597485
1.46,280.488798457662
1.47,279.94971070306
1.48,279.411068203022
1.49,278.872870412012
1.5,278.335115592185
1.51,277.797802911298
1.52,277.260930859609
1.53,276.724498443238
1.54,276.188504285508
1.55,275.652947302912
1.56,275.117826197177
1.57,274.583139836472
1.58,274.048886969606
1.59,273.515066440008
1.6,272.981677025681
1.61,272.448717558726
1.62,271.916186836157
1.63,271.384083686324
1.64,270.852406919475
1.65,270.321155364469
1.66,269.790327841516
1.67,269.259923182353
1.68,268.729940215297
1.69,268.200377776272
1.7,267.671234700653
1.71,267.142509829251
1.72,266.614202003896
1.73,266.08631007066
1.74,265.558832877475
1.75,265.031769275858
1.76,264.505118119633
1.77,263.978878265841
1.78,263.45304857406
1.79,262.927627906883
1.8,262.402615129551
1.81,261.878009110199
1.82,261.353808719662
1.83,260.830012831598
1.84,260.306620322377
1.85,259.783630071146
1.86,259.261040959765
1.87,258.738851872832
1.88,258.217061697649
1.89,257.69566932423
1.9,257.174673645276
1.91,256.654073556175
1.92,256.133867954986
1.93,255.614055742433
1.94,255.094635821891
1.95,254.575607099378
1.96,254.056968483546
1.97,253.538718885669
1.98,253.020857219634
1.99,252.503382401932
2,251.986293351647
2.01,251.469588990446
2.02,250.95326824257
2.03,250.437330034826
2.04,249.921773296573
2.05,249.406596959716
2.06,248.891799958695
2.07,248.377381230478
2.08,247.863339714546
2.09,247.349674352888
2.1,246.836384089993
2.11,246.323467872835
2.12,245.810924650869
2.13,245.298753376017
2.14,244.786953002665
2.15,244.275522487647
2.16,243.76446079024
2.17,243.253766872154
2.18,242.743439697524
2.19,242.233478232897
2.2,241.723881447228
2.21,241.214648311868
2.22,240.705777800556
2.23,240.197268889409
2.24,239.689120556916
2.25,239.181331783927
2.26,238.673901553642
2.27,238.166828851609
2.28,237.660112665707
2.29,237.153751986144
2.3,236.647745805446
2.31,236.142093118448
2.32,235.636792922284
2.33,235.131844216383
2.34,234.627246002456
2.35,234.122997284491
2.36,233.619097068741
2.37,233.11554436372
2.38,232.612338180192
2.39,232.10947753116
2.4,231.606961431866
2.41,231.104788899775
2.42,230.602958954568
2.43,230.101470618139
2.44,229.600322914582
2.45,229.099514870184
2.46,228.599045513417
2.47,228.098913874932
2.48,227.599118987548
2.49,227.099659886248
2.5,226.600535608166
2.51,226.101745192585
2.52,225.603287680922
2.53,225.10516211673
2.54,224.607367545681
2.55,224.109903015565
2.56,223.612767576276
2.57,223.115960279812
2.58,222.619480180262
2.59,222.123326333799
2.6,221.627497798676
2.61,221.131993635215
2.62,220.636812905801
2.63,220.141954674874
2.64,219.647418008924
2.65,219.153201976482
2.66,218.659305648111
2.67,218.165728096402
2.68,217.672468395965
2.69,217.179525623426
2.7,216.686898857411
2.71,216.194587178549
2.72,215.702589669459
2.73,215.210905414744
2.74,214.719533500988
2.75,214.228473016742
2.76,213.737723052525
2.77,213.247282700811
2.78,212.757151056028
2.79,212.267327214544
2.8,211.77781027467
2.81,211.288599336645
2.82,210.799693502632
2.83,210.311091876717
2.84,209.822793564893
2.85,209.334797675061
2.86,208.847103317022
2.87,208.359709602469
2.88,207.872615644983
2.89,207.385820560025
2.9,206.899323464933
2.91,206.41312347891
2.92,205.927219723026
2.93,205.441611320206
2.94,204.956297395226
2.95,204.47127707471
2.96,203.986549487117
2.97,203.502113762745
2.98,203.017969033718
2.99,202.534114433984
3,202.050549099308
3.01,201.567272167266
3.02,201.084282777244
3.03,200.601580070427
3.04,200.119163189797
3.05,199.637031280129
3.06,199.155183487982
3.07,198.673618961698
3.08,198.192336851395
3.09,197.711336308964
3.1,197.230616488061
3.11,196.750176544106
3.12,196.270015634277
3.13,195.790132917507
3.14,195.310527554474
3.15,194.831198707606
3.16,194.35214554107
3.17,193.87336722077
3.18,193.394862914344
3.19,192.916631791157
3.2,192.438673022303
3.21,191.960985780596
3.22,191.483569240571
3.23,191.006422578476
3.24,190.529544972273
3.25,190.052935601633
3.26,189.576593647934
3.27,189.100518294259
3.28,188.624708725389
3.29,188.149164127808
3.3,187.673883689695
3.31,187.198866600925
3.32,186.724112053064
3.33,186.249619239371
3.34,185.775387354796
3.35,185.301415595977
3.36,184.82770316124
3.37,184.354249250599
3.38,183.881053065753
3.39,183.40811381009
3.4,182.935430688683
3.41,182.463002908293
3.42,181.99082967737
3.43,181.518910206049
3.44,181.047243706159
3.45,180.575829391219
3.46,180.104666476441
3.47,179.633754178735
3.48,179.163091716708
3.49,178.692678310671
3.5,178.22251318264
3.51,177.752595556342
3.52,177.282924657219
3.53,176.813499712431
3.54,176.344319950867
3.55,175.875384603147
3.56,175.406692901631
3.57,174.938244080426
3.58,174.470037375395
3.59,174.002072024165
3.6,173.534347266139
3.61,173.066862342508
3.62,172.599616496257
3.63,172.132608972185
3.64,171.665839016914
3.65,171.199305878906
3.66,170.733008808479
3.67,170.266947057826
3.68,169.80111988103
3.69,169.335526534088
3.7,168.870166274931
3.71,168.40503836345
3.72,167.940142061518
3.73,167.475476633019
3.74,167.011041343879
3.75,166.546835462097
3.76,166.082858257776
3.77,165.619109003166
3.78,165.155586972699
3.79,164.692291443031
3.8,164.229221693093
3.81,163.766377004138
3.82,163.303756659794
3.83,162.841359946123
3.84,162.379186151683
3.85,161.917234567597
3.86,161.455504487624
3.87,160.993995208241
3.88,160.532706028728
3.89,160.071636251258
3.9,159.610785181002
3.91,159.150152126239
3.92,158.689736398472
3.93,158.229537312559
3.94,157.769554186857
3.95,157.309786343372
3.96,156.850233107934
3.97,156.390893810376
3.98,155.931767784737
3.99,155.472854369489
4,155.014152907772
